{
  "recall": {
    "5": 0.011103745442492543,
    "10": 0.026350679482930062,
    "15": 0.036128604574080216,
    "20": 0.04756380510440835,
    "25": 0.06131919124958568,
    "30": 0.07441166721909181,
    "35": 0.08186940669539278,
    "40": 0.08816705336426914,
    "45": 0.0972820682797481,
    "50": 0.10772290354656944
  },
  "ndcg": {
    "5": 0.006547787900726526,
    "10": 0.011972587582963984,
    "15": 0.014117488272754492,
    "20": 0.016743097660026914,
    "25": 0.019945331503244595,
    "30": 0.022724283989540146,
    "35": 0.023729889547805905,
    "40": 0.0244465917775427,
    "45": 0.02595716960700034,
    "50": 0.02778762431625404
  }
}