{
  "recall": {
    "5": 0.01342393105734173,
    "10": 0.03463705667882002,
    "15": 0.04623798475306596,
    "20": 0.05435863440503812,
    "25": 0.06513092475969506,
    "30": 0.0770633079217766,
    "35": 0.09098442161087172,
    "40": 0.09927079880676168,
    "45": 0.10871726881007623,
    "50": 0.11832946635730858
  },
  "ndcg": {
    "5": 0.0079159823874455,
    "10": 0.015737552231694797,
    "15": 0.018067794624305064,
    "20": 0.019134968754316473,
    "25": 0.021185176434527365,
    "30": 0.023534058029256497,
    "35": 0.026371881299079844,
    "40": 0.027525391869827213,
    "45": 0.02900835308720992,
    "50": 0.030523636556623664
  }
}