{
  "recall": {
    "5": 0.09794497845541929,
    "10": 0.18213457076566125,
    "15": 0.23516738481935698,
    "20": 0.2777593636062314,
    "25": 0.3122306927411336,
    "30": 0.347364932051707,
    "35": 0.37338415644680145,
    "40": 0.3969174676831289,
    "45": 0.4194564136559496,
    "50": 0.43503480278422274
  },
  "ndcg": {
    "5": 0.05775735297506532,
    "10": 0.08275392297910328,
    "15": 0.09189319201393865,
    "20": 0.09777502326900732,
    "25": 0.10155947176246707,
    "30": 0.10608039920284217,
    "35": 0.10822558937491236,
    "40": 0.11005561523912545,
    "45": 0.11192094765812245,
    "50": 0.11221925204641055
  }
}